{
	"miner":[
		{"block":"minecraft:coal_ore","xp":[1,2,3,4,5,6,7,8,9,10,11,12,13,14,15,16,17,18,19,20]},
		{"block":"minecraft:diamond_ore","xp":[15,2,3,4,5,6,7,8,9,10,11,12,13,14,15,16,17,18,19,20]},
		{"block":"minecraft:redstone_ore","xp":[10,2,3,4,5,6,7,8,9,10,11,12,13,14,15,16,17,18,19,20]},
		{"block":"minecraft:lapis_ore","xp":[2,2,3,4,5,6,7,8,9,10,11,12,13,14,15,16,17,18,19,20]},
		{"block":"minecraft:coal_block","xp":[2,2,3,4,5,6,7,8,9,10,11,12,13,14,15,16,17,18,19,20]},
		{"block":"minecraft:diamond_block","xp":[2,2,3,4,5,6,7,8,9,10,11,12,13,14,15,16,17,18,19,20]},
		{"block":"minecraft:redstone_block","xp":[12,2,3,4,5,6,7,8,9,10,11,12,13,14,15,16,17,18,19,20]},
		{"block":"minecraft:lapis_block","xp":[8,2,3,4,5,6,7,8,9,10,11,12,13,14,15,16,17,18,19,20]},
		{"block":"minecraft:stone","xp":[1,2,3,4,5,6,7,8,9,10,11,12,13,14,15,16,17,18,19,20]},
		{"block":"minecraft:andesite","xp":[1,2,3,4,5,6,7,8,9,10,11,12,13,14,15,16,17,18,19,20]}
	]
}
