{
	"HUNTER":{
		"1":[{"item":"minecraft-coal","count":1}, {"item":"minecraft-emerald","count":2}],
		"2":[{"item":"minecraft-coal","count":1}],
		"3":[{"item":"minecraft-coal","count":1}],
		"4":[{"item":"minecraft-coal","count":1}],
		"5":[{"item":"minecraft-coal","count":1}],
		"6":[{"item":"minecraft-coal","count":1}],
		"7":[{"item":"minecraft-coal","count":1}],
		"8":[{"item":"minecraft-coal","count":1}],
		"9":[{"item":"minecraft-coal","count":1}],
		"10":[{"item":"minecraft-coal","count":1}],
		"11":[{"item":"minecraft-coal","count":1}, {"item":"minecraft-emerald","count":2}],
		"12":[{"item":"minecraft-coal","count":1}],
		"13":[{"item":"minecraft-coal","count":1}],
		"14":[{"item":"minecraft-coal","count":1}],
		"15":[{"item":"minecraft-coal","count":1}],
		"16":[{"item":"minecraft-coal","count":1}],
		"17":[{"item":"minecraft-coal","count":1}],
		"18":[{"item":"minecraft-coal","count":1}],
		"19":[{"item":"minecraft-coal","count":1}],
		"20":[{"item":"minecraft-coal","count":1}],
		"21":[{"item":"minecraft-coal","count":1}],
		"22":[{"item":"minecraft-coal","count":1}],
		"23":[{"item":"minecraft-coal","count":1}],
		"24":[{"item":"minecraft-coal","count":1}],
		"25":[{"item":"minecraft-coal","count":1}]
	},
		
	"MAGICIAN":{
		"1":[{"item":"minecraft-coal","count":1}],
		"2":[{"item":"minecraft-coal","count":1}],
		"3":[{"item":"minecraft-coal","count":1}],
		"4":[{"item":"minecraft-coal","count":1}],
		"5":[{"item":"minecraft-coal","count":1}, {"item":"minecraft-emerald","count":2}],
		"6":[{"item":"minecraft-coal","count":1}],
		"7":[{"item":"minecraft-coal","count":1}],
		"8":[{"item":"minecraft-coal","count":1}],
		"9":[{"item":"minecraft-coal","count":1}],
		"10":[{"item":"minecraft-coal","count":1}],
		"11":[{"item":"minecraft-coal","count":1}],
		"12":[{"item":"minecraft-coal","count":1}],
		"13":[{"item":"minecraft-coal","count":1}],
		"14":[{"item":"minecraft-coal","count":1}],
		"15":[{"item":"minecraft-coal","count":1}],
		"16":[{"item":"minecraft-coal","count":1}],
		"17":[{"item":"minecraft-coal","count":1}],
		"18":[{"item":"minecraft-coal","count":1}, {"item":"minecraft-emerald","count":2}],
		"19":[{"item":"minecraft-coal","count":1}],
		"20":[{"item":"minecraft-coal","count":1}],
		"21":[{"item":"minecraft-coal","count":1}],
		"22":[{"item":"minecraft-coal","count":1}],
		"23":[{"item":"minecraft-coal","count":1}],
		"24":[{"item":"minecraft-coal","count":1}],
		"25":[{"item":"minecraft-coal","count":1}]
	},
	
	"FARMER":{
		"1":[{"item":"minecraft-coal","count":1}],
		"2":[{"item":"minecraft-coal","count":1}],
		"3":[{"item":"minecraft-coal","count":1}],
		"4":[{"item":"minecraft-coal","count":1}],
		"5":[{"item":"minecraft-coal","count":1}],
		"6":[{"item":"minecraft-coal","count":1}],
		"7":[{"item":"minecraft-coal","count":1}, {"item":"minecraft-emerald","count":2}],
		"8":[{"item":"minecraft-coal","count":1}],
		"9":[{"item":"minecraft-coal","count":1}],
		"10":[{"item":"minecraft-coal","count":1}],
		"11":[{"item":"minecraft-coal","count":1}],
		"12":[{"item":"minecraft-coal","count":1}],
		"13":[{"item":"minecraft-coal","count":1}],
		"14":[{"item":"minecraft-coal","count":1}],
		"15":[{"item":"minecraft-coal","count":1}],
		"16":[{"item":"minecraft-coal","count":1}],
		"17":[{"item":"minecraft-coal","count":1}, {"item":"minecraft-emerald","count":2}],
		"18":[{"item":"minecraft-coal","count":1}],
		"19":[{"item":"minecraft-coal","count":1}],
		"20":[{"item":"minecraft-coal","count":1}],
		"21":[{"item":"minecraft-coal","count":1}, {"item":"minecraft-emerald","count":2}],
		"22":[{"item":"minecraft-coal","count":1}],
		"23":[{"item":"minecraft-coal","count":1}],
		"24":[{"item":"minecraft-coal","count":1}],
		"25":[{"item":"minecraft-coal","count":1}]
	},
		
	"MINER":{
		"1":[{"item":"minecraft-coal","count":1}],
		"2":[{"item":"minecraft-coal","count":1}],
		"3":[{"item":"minecraft-coal","count":1}, {"item":"minecraft-emerald","count":2}],
		"4":[{"item":"minecraft-coal","count":1}],
		"5":[{"item":"minecraft-coal","count":1}],
		"6":[{"item":"minecraft-coal","count":1}],
		"7":[{"item":"minecraft-coal","count":1}],
		"8":[{"item":"minecraft-coal","count":1}],
		"9":[{"item":"minecraft-coal","count":1}],
		"10":[{"item":"minecraft-coal","count":1}],
		"11":[{"item":"minecraft-coal","count":1}],
		"12":[{"item":"minecraft-coal","count":1}],
		"13":[{"item":"minecraft-coal","count":1}],
		"14":[{"item":"minecraft-coal","count":1}],
		"15":[{"item":"minecraft-coal","count":1}],
		"16":[{"item":"minecraft-coal","count":1}],
		"17":[{"item":"minecraft-coal","count":1}],
		"18":[{"item":"minecraft-coal","count":1}],
		"19":[{"item":"minecraft-coal","count":1}],
		"20":[{"item":"minecraft-coal","count":1}],
		"21":[{"item":"minecraft-coal","count":1}, {"item":"minecraft-emerald","count":2}],
		"22":[{"item":"minecraft-coal","count":1}],
		"23":[{"item":"minecraft-coal","count":1}],
		"24":[{"item":"minecraft-coal","count":1}],
		"25":[{"item":"minecraft-coal","count":1}]
	}
		
}
	