{
	"miner":{
		"1":[
			{"item":"minecraft:diamond","count":1,"metadata":0},
			{"item":"minecraft:emerald","count":1,"metadata":0}
		],
		"2":[
			{"item":"minecraft:diamond","count":1,"metadata":0},
			{"item":"minecraft:emerald","count":1,"metadata":0}
		],
		"3":[
			{"item":"minecraft:diamond","count":1,"metadata":0},
			{"item":"minecraft:emerald","count":1,"metadata":0}
		],
		"4":[
			{"item":"minecraft:diamond","count":1,"metadata":0},
			{"item":"minecraft:emerald","count":1,"metadata":0}
		],
		"5":[
			{"item":"minecraft:diamond","count":1,"metadata":0},
			{"item":"minecraft:emerald","count":1,"metadata":0}
		],
		"6":[
			{"item":"minecraft:diamond","count":1,"metadata":0},
			{"item":"minecraft:emerald","count":1,"metadata":0}
		],
		"7":[
			{"item":"minecraft:diamond","count":1,"metadata":0},
			{"item":"minecraft:emerald","count":1,"metadata":0}
		],
		"8":[
			{"item":"minecraft:diamond","count":1,"metadata":0},
			{"item":"minecraft:emerald","count":1,"metadata":0}
		],
		"9":[
			{"item":"minecraft:diamond","count":1,"metadata":0},
			{"item":"minecraft:emerald","count":1,"metadata":0}
		],
		"10":[
			{"item":"minecraft:diamond","count":16,"metadata":0},
			{"item":"minecraft:emerald","count":16,"metadata":0}
		],
		"11":[
			{"item":"minecraft:diamond","count":1,"metadata":0},
			{"item":"minecraft:emerald","count":1,"metadata":0}
		],
		"12":[
			{"item":"minecraft:diamond","count":1,"metadata":0},
			{"item":"minecraft:emerald","count":1,"metadata":0}
		],
		"13":[
			{"item":"minecraft:diamond","count":1,"metadata":0},
			{"item":"minecraft:emerald","count":1,"metadata":0}
		],
		"14":[
			{"item":"minecraft:diamond","count":1,"metadata":0},
			{"item":"minecraft:emerald","count":1,"metadata":0}
		],
		"15":[
			{"item":"minecraft:diamond","count":1,"metadata":0},
			{"item":"minecraft:emerald","count":1,"metadata":0}
		],
		"16":[
			{"item":"minecraft:diamond","count":1,"metadata":0},
			{"item":"minecraft:emerald","count":1,"metadata":0}
		],
		"17":[
			{"item":"minecraft:diamond","count":1,"metadata":0},
			{"item":"minecraft:emerald","count":1,"metadata":0}
		],
		"18":[
			{"item":"minecraft:diamond","count":1,"metadata":0},
			{"item":"minecraft:emerald","count":1,"metadata":0}
		],
		"19":[
			{"item":"minecraft:diamond","count":1,"metadata":0},
			{"item":"minecraft:emerald","count":1,"metadata":0}
		],
		"20":[
			{"item":"minecraft:diamond","count":32,"metadata":0},
			{"item":"minecraft:emerald","count":32,"metadata":0},
			{"item":"minecraft:gold_ingot","count":32,"metadata":0},
			{"item":"minecraft:iron_ingot","count":32,"metadata":0},
			{"item":"minecraft:redstone_dust","count":64,"metadata":0}
		]
	},
	"alchemist":{
		"1":[
			{"item":"minecraft:ender_pearl","count":4,"metadata":0}
		],
		"2":[
			{"item":"minecraft:book","count":16,"metadata":0},
			{"item":"minecraft:ender_pearl","count":8,"metadata":0}
		],
		"3":[
			{"item":"minecraft:diamond","count":1,"metadata":0},
			{"item":"minecraft:emerald","count":1,"metadata":0},
			{"item":"minecraft:emerald_block","count":1,"metadata":0},
			{"item":"minecraft:diamond_block","count":1,"metadata":0}
		]
	},
	"hunter":{
		"1":[
			{"item":"minecraft:cooked_beef","count":20,"metadata":0}
		]
	}
}
