{
	"minecraft-diamond_pickaxe":{"job":"HUNTER","lvl":1},
	"minecraft-diamond_hoe":{"job":"HUNTER","lvl":2},
	"minecraft-diamond_shovel":{"job":"HUNTER","lvl":3},
	"minecraft-diamond_axe":{"job":"HUNTER","lvl":4},
	"minecraft-diamond_sword":{"job":"HUNTER","lvl":5},
	"minecraft-book":{"job":"HUNTER","lvl":6},
	"minecraft-furnace":{"job":"HUNTER","lvl":1},
	"minecraft-iron_helmet":{"job":"HUNTER","lvl":13},
	"minecraft-iron_chestplate":{"job":"HUNTER","lvl":14},
	"minecraft-iron_hoe":{"job":"HUNTER","lvl":15}
}