{
	"HUNTER":{
		"1":[{"item":"minecraft-arrow","count":1}],
		"2":[{"item":"minecraft-arrow","count":1}],
		"3":[{"item":"minecraft-arrow","count":1}],
		"4":[{"item":"minecraft-arrow","count":1}],
		"5":[{"item":"minecraft-arrow","count":10}],
		"6":[{"item":"minecraft-arrow","count":1}],
		"7":[{"item":"minecraft-arrow","count":1}],
		"8":[{"item":"minecraft-arrow","count":1}],
		"9":[{"item":"minecraft-arrow","count":1}],
		"10":[{"item":"minecraft-arrow","count":10}],
		"11":[{"item":"minecraft-arrow","count":1}],
		"12":[{"item":"minecraft-arrow","count":1}],
		"13":[{"item":"minecraft-arrow","count":1}],
		"14":[{"item":"minecraft-arrow","count":1}],
		"15":[{"item":"minecraft-arrow","count":10}],
		"16":[{"item":"minecraft-arrow","count":1}],
		"17":[{"item":"minecraft-arrow","count":1}],
		"18":[{"item":"minecraft-arrow","count":1}],
		"19":[{"item":"minecraft-arrow","count":1}],
		"20":[{"item":"minecraft-arrow","count":10}],
		"21":[{"item":"minecraft-arrow","count":1}],
		"22":[{"item":"minecraft-arrow","count":1}],
		"23":[{"item":"minecraft-arrow","count":1}],
		"24":[{"item":"minecraft-arrow","count":1}],
		"25":[{"item":"minecraft-arrow","count":10}, {"item":"minecraft-bow","count":1}]
	},
	
	"MAGICIAN":{
		"1":[{"item":"minecraft-book","count":1}],
		"2":[{"item":"minecraft-book","count":1}],
		"3":[{"item":"minecraft-book","count":1}],
		"4":[{"item":"minecraft-book","count":1}],
		"5":[{"item":"minecraft-book","count":10}],
		"6":[{"item":"minecraft-book","count":1}],
		"7":[{"item":"minecraft-book","count":1}],
		"8":[{"item":"minecraft-book","count":1}],
		"9":[{"item":"minecraft-book","count":1}],
		"10":[{"item":"minecraft-book","count":10}],
		"11":[{"item":"minecraft-book","count":1}],
		"12":[{"item":"minecraft-book","count":1}],
		"13":[{"item":"minecraft-book","count":1}],
		"14":[{"item":"minecraft-book","count":1}],
		"15":[{"item":"minecraft-book","count":10}],
		"16":[{"item":"minecraft-book","count":1}],
		"17":[{"item":"minecraft-book","count":1}],
		"18":[{"item":"minecraft-book","count":1}],
		"19":[{"item":"minecraft-book","count":1}],
		"20":[{"item":"minecraft-book","count":10}],
		"21":[{"item":"minecraft-book","count":1}],
		"22":[{"item":"minecraft-book","count":1}],
		"23":[{"item":"minecraft-book","count":1}],
		"24":[{"item":"minecraft-book","count":1}],
		"25":[{"item":"minecraft-book","count":10}, {"item":"minecraft-ender_pearl","count":4}]
	},

	"FARMER":{
		"1":[{"item":"minecraft-seeds","count":1}],
		"2":[{"item":"minecraft-seeds","count":1}],
		"3":[{"item":"minecraft-seeds","count":1}],
		"4":[{"item":"minecraft-seeds","count":1}],
		"5":[{"item":"minecraft-seeds","count":10}],
		"6":[{"item":"minecraft-seeds","count":1}],
		"7":[{"item":"minecraft-seeds","count":1}],
		"8":[{"item":"minecraft-seeds","count":1}],
		"9":[{"item":"minecraft-seeds","count":1}],
		"10":[{"item":"minecraft-seeds","count":10}],
		"11":[{"item":"minecraft-seeds","count":1}],
		"12":[{"item":"minecraft-seeds","count":1}],
		"13":[{"item":"minecraft-seeds","count":1}],
		"14":[{"item":"minecraft-seeds","count":1}],
		"15":[{"item":"minecraft-seeds","count":10}],
		"16":[{"item":"minecraft-seeds","count":1}],
		"17":[{"item":"minecraft-seeds","count":1}],
		"18":[{"item":"minecraft-seeds","count":1}],
		"19":[{"item":"minecraft-seeds","count":1}],
		"20":[{"item":"minecraft-seeds","count":10}],
		"21":[{"item":"minecraft-seeds","count":1}],
		"22":[{"item":"minecraft-seeds","count":1}],
		"23":[{"item":"minecraft-seeds","count":1}],
		"24":[{"item":"minecraft-seeds","count":1}],
		"25":[{"item":"minecraft-seeds","count":10}, {"item":"minecraft-diamond_hoe","count":1}]
	},
	
	"MINER":{
		"1":[{"item":"minecraft-iron_ingot","count":1}],
		"2":[{"item":"minecraft-iron_ingot","count":1}],
		"3":[{"item":"minecraft-iron_ingot","count":1}],
		"4":[{"item":"minecraft-iron_ingot","count":1}],
		"5":[{"item":"minecraft-iron_ingot","count":10}],
		"6":[{"item":"minecraft-iron_ingot","count":1}],
		"7":[{"item":"minecraft-iron_ingot","count":1}],
		"8":[{"item":"minecraft-iron_ingot","count":1}],
		"9":[{"item":"minecraft-iron_ingot","count":1}],
		"10":[{"item":"minecraft-iron_ingot","count":10}],
		"11":[{"item":"minecraft-iron_ingot","count":1}],
		"12":[{"item":"minecraft-iron_ingot","count":1}],
		"13":[{"item":"minecraft-iron_ingot","count":1}],
		"14":[{"item":"minecraft-iron_ingot","count":1}],
		"15":[{"item":"minecraft-iron_ingot","count":10}],
		"16":[{"item":"minecraft-iron_ingot","count":1}],
		"17":[{"item":"minecraft-iron_ingot","count":1}],
		"18":[{"item":"minecraft-iron_ingot","count":1}],
		"19":[{"item":"minecraft-iron_ingot","count":1}],
		"20":[{"item":"minecraft-iron_ingot","count":10}],
		"21":[{"item":"minecraft-iron_ingot","count":1}],
		"22":[{"item":"minecraft-iron_ingot","count":1}],
		"23":[{"item":"minecraft-iron_ingot","count":1}],
		"24":[{"item":"minecraft-iron_ingot","count":1}],
		"25":[{"item":"minecraft-iron_ingot","count":10}, {"item":"minecraft-diamond","count":32}]
	}
}